Workload_ID,    App_ID,SubmitTime,Pr:StartTime,Pr:EndTime,Pr:CPUTime,   Pr:Size,Tr:StartTime,Tr:EndTime,Tr:NetworkTime,   Tr:Size,Tr:Channel,ResponseTime,
 0, 0, 0, 0, 0.1, 0.1, 1, 0.1, 100.001, 99.901, 20000000000, 0,TimeOut
 1, 0, 100, 100, 105, 5, 1, 105, 200.003, 95.003, 25000000000, 2,TimeOut
 2, 0, 200, 200, 205, 5, 1, 205, 300.001, 95.001, 15000000000, 4,TimeOut
 3, 0, 300, 300, 305, 5, 1, 305, 400.003, 95.003, 10000000000, 6,TimeOut
 4, 0, 400, 400, 405, 5, 1, 405, 500.001, 95.001, 40000000000, 8,TimeOut
 5, 0, 500, 500, 505, 5, 1, 505, 600.003, 95.003, 20000000000, 10,TimeOut
 6, 0, 600, 600, 605, 5, 1, 605, 700.001, 95.001, 25000000000, 12,TimeOut
 7, 0, 700, 700, 705, 5, 1, 705, 800.003, 95.003, 20000000000, 14,TimeOut
 8, 0, 800, 800, 805, 5, 1, 805, 900.003, 95.003, 80000000000, 16,TimeOut
 9, 0, 900, 900, 905, 5, 1, 905, 1305.003, 400.003, 90000000000, 18,TimeOut
#======================================
#Number of workloads:0
#Timeout workloads:10
#Timeout workloads per cent:1
#Over workloads:0
#Number of Cloudlets:0
#Over Cloudlets:0
#Number of transmissions:0
#Over transmissions:0
#======================================
#Total serve time:0.0
#CPU serve time:0.0
#Network serve time:0.0
